<?xml version="1.0" encoding="UTF-8"?>
<!DOCTYPE mapper PUBLIC "-//mybatis.org//DTD Mapper 3.0//EN" "http://mybatis.org/dtd/mybatis-3-mapper.dtd">

<mapper namespace="board">
	<update id="incRef">
		UPDATE board SET ref = ref+1 WHERE code=#{code}
	</update>
	<update id="incgood">
		UPDATE board SET good = good+1 where code=#{code}
	</update>
	<select id="list" parameterType="Pager" resultType="Post">
		SELECT * FROM board 
		<include refid="search"></include>
		ORDER BY code DESC LIMIT #{offset}, #{pager}
	</select>
	<select id="item" resultType="Post">
		SELECT * FROM board WHERE code=#{code}
	</select>
	<delete id="delete">
		DELETE FROM board WHERE code=#{code}
	</delete>
	<insert id="add">
		INSERT INTO board (id,title,contents,reg_date,filename)
		VALUES (#{id},#{title},#{contents},NOW(),#{filename})
	</insert>
	<update id="update">
		UPDATE board
		SET title=#{title}, contents=#{contents}, filename=#{filename}
		WHERE code=#{code}
	</update>
	<select id="getTotal" parameterType="Pager" resultType="Integer">
		SELECT COUNT(*) FROM board
	</select>
	<sql id="search">
		<where>
			<if test="keyword != '' and keyword != null">
					${search} LIKE CONCAT(CONCAT('%',#{keyword}),'%')
			</if>
		</where>
	</sql>
	
	<select id="noticeList" resultType="Post">
		SELECT * FROM board 
	</select>
	
</mapper>