<?xml version="1.0" encoding="UTF-8"?>
<!DOCTYPE mapper PUBLIC "-//mybatis.org//DTD Mapper 3.0//EN" "http://mybatis.org/dtd/mybatis-3-mapper.dtd">

 <mapper namespace="daejeon"> 
	<!-- 식당리스트  -->
	<select id="list" resultType="daejeon" parameterType="Pager">
		select * from daejeon 
		<include refid="search"></include>
		ORDER BY did DESC LIMIT #{offset}, #{pager }
	</select>
	<!-- 식당 삭제 -->
	<delete id="delete">
		delete from daejeon where did=#{did}
	</delete>
	<!-- 식당 등록 -->
	<insert id="add">
		insert into daejeon (title,daddress,dtel,filename,filename2,filename3,filename4,did,dtime,price,grade)
		values(#{title},#{daddress},#{dtel},#{filename},#{filename2},#{filename3},#{filename4},#{did},#{dtime},#{price},#{grade})
	</insert>
	<!-- 식당 업데이트 -->
	<update id="update" parameterType="daejeon">
		UPDATE daejeon
		SET title=#{title}, daddress=#{daddress}, 
		dtel=#{dtel}, dtime=#{dtime}, price=#{price},grade=#{grade},filename=#{filename}
		WHERE did=#{did}
	</update>
	<!-- 예압 -->
	<select id="item" resultType="daejeon">
		select * from daejeon  where did=#{did}
	</select>
	<!-- 식당리스트 갯토탈 -->
	<select id="getTotal" parameterType="Pager" resultType="Integer">
		SELECT COUNT(*) FROM daejeon
	</select>
	<!-- 식당 상세페이지 댓글 등록  -->
	<insert id="replyAdd">
		insert into reply (id,contents, did, title, jinwoo, a)
		values(#{id},#{contents}, #{did}, #{title}, #{jinwoo}, #{a})
	</insert>
	<!-- 식당 상세 댓글리스트 -->
	<select id="replylist" resultType="reply" >
		select contents, rid, did, user.id, user.filename f 
		from reply join user on reply.id=user.id 
		where did=#{did}
		order by did asc
	</select>
	<delete id="replyDelete">
<!-- 		delete from univer join user on univer.id = user.id where rid=#{rid} -->
			delete from reply where rid=#{rid}
	</delete>
<!-- 	<select id="reviewList" resultType="replyList"> -->
<!-- 			select contents, rid, reply.id, reply.did, title  -->
<!-- 			from reply join daejeon on reply.did=daejeon.did -->
<!-- 			where reply.id=#{id} -->
<!-- 	</select> -->
	<sql id="search">
		<where>
			<if test="keyword != '' and keyword != null ">
					${search} LIKE CONCAT(CONCAT('%',#{keyword}),'%')
			</if>
		</where>
	</sql>
</mapper>