<?xml version="1.0" encoding="UTF-8"?>
<!DOCTYPE mapper PUBLIC "-//mybatis.org//DTD Mapper 3.0//EN" "http://mybatis.org/dtd/mybatis-3-mapper.dtd">

<mapper namespace="event">
	<select id="list" parameterType="Pager" resultType="Post">
		SELECT * FROM event 
		<include refid="search"></include>
		ORDER BY code DESC LIMIT #{offset}, #{pager}
	</select>
	<select id="item" resultType="Post">
		SELECT * FROM event WHERE code=#{code}
	</select>
	<delete id="delete">
		DELETE FROM event WHERE code=#{code}
	</delete>
	<insert id="add">
		INSERT INTO event (id,title,contents,reg_date)
		VALUES (#{id},#{title},#{contents},NOW())
	</insert>
	<update id="update">
		UPDATE event
		SET title=#{title}, contents=#{contents}, filename=#{filename}
		WHERE code=#{code}
	</update>
	<select id="getTotal" parameterType="Pager" resultType="Integer">
		SELECT COUNT(*) FROM event
	</select>
	<sql id="search">
		<where>
			<if test="keyword != '' and keyword != null">
					${search} LIKE CONCAT(CONCAT('%',#{keyword}),'%')
			</if>
		</where>
	</sql>
	
	<select id="noticeList" resultType="Post">
		SELECT * FROM event 
	</select>
	
</mapper>