<?xml version="1.0" encoding="UTF-8"?>
<!DOCTYPE mapper PUBLIC "-//mybatis.org//DTD Mapper 3.0//EN" "http://mybatis.org/dtd/mybatis-3-mapper.dtd">

<mapper namespace="today">
	<select id="list" resultType="today" >
		select * from today 
	</select>
	
	<delete id="delete">
		delete from today 
	</delete>
	
	<delete id="replyDelete">
		delete from todayreply where rid=#{rid}
	</delete>
	
	<insert id="add">
		insert into today (id,menu,contents,filename1,filename2,filename3,filename4)
		values(#{id},#{menu},#{contents},#{filename1},#{filename2},#{filename3},#{filename4} )
	</insert>
	
	<update id="update" parameterType="univer">
		UPDATE today
		SET utitle=#{utitle}, uaddress=#{uaddress}, utel=#{utel}, filename=#{filename}
		WHERE uid=#{uid}
	</update>
	
	<select id="item" resultType="Today">
		select * from today where tid=#{tid}
	</select>
	
	<insert id="reviewAdd">
		insert into todayreply (id,contents)
		values(#{id},#{contents})
	</insert>

	
</mapper>