<?xml version="1.0" encoding="UTF-8"?>
<!DOCTYPE mapper PUBLIC "-//mybatis.org//DTD Mapper 3.0//EN" "http://mybatis.org/dtd/mybatis-3-mapper.dtd">

 <mapper namespace="univer"> 
	<!-- 식당리스트  -->
	<select id="list" resultType="univer" parameterType="Pager">
		select * from univer 
		<include refid="search"></include>
		ORDER BY uid DESC LIMIT #{offset}, #{pager}
	</select>
	<!-- 식당 삭제 -->
	<delete id="delete">
		delete from univer where uid=#{uid}
	</delete>
	<!-- 식당 등록 -->
	<insert id="add">
		insert into univer (title,uaddress,utel,filename,filename2,filename3,filename4,uid,utime,price,grade)
		values(#{title},#{uaddress},#{utel},#{filename},#{filename2},#{filename3},#{filename4},#{uid},#{utime},#{price},#{grade})
	</insert>
	<!-- 식당 업데이트 -->
	<update id="update" parameterType="univer">
		UPDATE univer
		SET title=#{title}, uaddress=#{uaddress}, 
		utel=#{utel}, utime=#{utime}, price=#{price},grade=#{grade},filename=#{filename}
		WHERE uid=#{uid}
	</update>
	<!-- 예압 -->
	<select id="item" resultType="univer">
		select *
		 from univer  where uid=#{uid}
	</select>
	<!-- 식당리스트 갯토탈 -->
	<select id="getTotal" parameterType="Pager" resultType="Integer">
		SELECT COUNT(*) FROM univer
	</select>
	<!-- 투데이 댓글리스트 갯토탈 -->
	<select id="getTotal2" parameterType="Pager" resultType="Integer">
		SELECT COUNT(*) FROM reply
	</select>
	<!-- 식당 상세페이지 댓글 등록  -->
	<insert id="replyAdd1">
		insert into reply (id,contents, uid, title, jinwoo, a)
		values(#{id},#{contents}, #{uid}, #{title}, #{jinwoo}, #{a} )
	</insert>
	<!-- 투데이 댓글 등록 -->
	<insert id="replyAdd2">
		insert into todayreply (id,contents)
		values(#{id},#{contents})
	</insert>
	<!-- 식당 상세 댓글리스트 -->
	<select id="replylist" resultType="reply" >
		select contents, rid, reply.uid, user.id, user.filename f 
		from reply join user on reply.id=user.id 
		where uid=#{uid}
		order by rid asc
	</select>
	<!-- 투데이 댓글리스트 -->
	<select id="replylist2" resultType="reply"  parameterType="Pager">
		select contents, rid, user.id, user.filename f 
		from todayreply join user on todayreply.id=user.id
		ORDER BY rid ASC LIMIT #{offset}, #{pager} 
	</select>
	<delete id="replyDelete">
<!-- 		delete from univer join user on univer.id = user.id where rid=#{rid} -->
			delete from reply where rid=#{rid}
	</delete>
	<!-- 마이페이지 내가 작성한 리뷰 리스트 -->
	<select id="reviewList" resultType="reply">
	select contents, reply.did, rid, reply.id, reply.uid, title , jinwoo, a
			from reply
			where reply.id=#{id}
	</select>
	<select id="getTotal3" parameterType="Pager" resultType="Integer">
		SELECT COUNT(*) FROM reply
	</select>
	<sql id="search">
		<where>
			<if test="keyword != '' and keyword != null">
					${search} LIKE CONCAT(CONCAT('%',#{keyword}),'%')
			</if>
		</where>
	</sql>
</mapper>