<?xml version="1.0" encoding="UTF-8"?>
<!DOCTYPE mapper PUBLIC "-//mybatis.org//DTD Mapper 3.0//EN" "http://mybatis.org/dtd/mybatis-3-mapper.dtd">

<mapper namespace="user">
	<select id="login" resultType="User">
		SELECT * FROM  user WHERE id=#{id} and password=#{password}
	</select>
	<select id="list" resultType="User">
		SELECT * FROM  user 
	</select>
	<select id="item" resultType="User">
		SELECT * FROM user WHERE id=#{id}
	</select>
	<delete id="delete">
		DELETE FROM user WHERE id=#{id}
	</delete>
	<insert id="add" parameterType="user">
		INSERT INTO user (id,password,password2,name,birth,phone,email, filename)
		VALUES (#{id},#{password},#{password2},#{name},#{birth},#{phone},#{email}, #{filename})
	</insert>
	<update id="update">
		UPDATE user
		SET password=#{password}, password2=#{password2}
		WHERE id=#{id}
	</update>
	<update id="update2">
		UPDATE user
		SET filename=#{filename}
		WHERE id=#{id}
	</update>
	<insert id="profile">
		insert into user (filename, nickname)
		values (#{filename}, #{nickname})
	</insert>
	<select id="idck" resultType="Integer">
		select count(*) from user
		where id=#{id}
	</select>
</mapper>