<?xml version="1.0" encoding="UTF-8"?>
<!DOCTYPE configuration PUBLIC "-//mybatis.org//DTD Config 3.0//EN" "http://mybatis.org/dtd/mybatis-3-config.dtd">

<configuration>
	<settings>
      <setting name="mapUnderscoreToCamelCase" value="true"/>
   </settings>
	
	
	<typeAliases>
		<typeAlias type="kr.ac.kopo.chopsticks.model.User" alias="User"/>
		<typeAlias type="kr.ac.kopo.chopsticks.model.Post" alias="Post"/>	
		<typeAlias type="kr.ac.kopo.chopsticks.util.Pager" alias="pager"/>
		<typeAlias type="kr.ac.kopo.chopsticks.util.Pager2" alias="pager2"/>
		<typeAlias type="kr.ac.kopo.chopsticks.model.univer" alias="univer"/>
		<typeAlias type="kr.ac.kopo.chopsticks.model.reply" alias="reply"/>
		<typeAlias type="kr.ac.kopo.chopsticks.model.replyList" alias="replyList"/>
		<typeAlias type="kr.ac.kopo.chopsticks.model.Today" alias="Today"/>
		<typeAlias type="kr.ac.kopo.chopsticks.model.daejeon" alias="daejeon"/>
		<typeAlias type="kr.ac.kopo.chopsticks.model.event" alias="event"/>
	</typeAliases>
	
	<mappers>
		<mapper resource="mybatis/User.xml"/>
		<mapper resource="mybatis/Board.xml"/>
		<mapper resource="mybatis/univer.xml"/>
		<mapper resource="mybatis/today.xml"/>
		<mapper resource="mybatis/daejeon.xml"/>
		<mapper resource="mybatis/event.xml"/>
	</mappers>	
</configuration>