<?xml version="1.0" encoding="UTF-8"?>
<beans xmlns="http://www.springframework.org/schema/beans"
	xmlns:xsi="http://www.w3.org/2001/XMLSchema-instance"
	xsi:schemaLocation="http://www.springframework.org/schema/beans http://www.springframework.org/schema/beans/spring-beans.xsd">
	
	<!-- Root Context: defines shared resources visible to all other web components -->
		
		<bean id="dataSource" class="org.apache.commons.dbcp2.BasicDataSource" destroy-method="close">
			<property name="driverClassName" value="com.mysql.jdbc.Driver"/>
			<property name="url" value="jdbc:mysql://127.0.0.1:3306/team5" />
			<property name="username" value="team5"/>
			<property name="password" value="1234"/>
		</bean>
<!-- 		<bean id="dataSource" class="org.apache.commons.dbcp2.BasicDataSource" destroy-method="close"> -->
<!-- 			<property name="driverClassName" value="com.mysql.jdbc.Driver"/> -->
<!-- 			<property name="url" value="jdbc:mysql://127.0.0.1:3306/chopsticks" /> -->
<!-- 			<property name="username" value="root"/> -->
<!-- 			<property name="password" value="1234"/> -->
<!-- 		</bean> -->
		<bean id="sqlSessionFactory" class="org.mybatis.spring.SqlSessionFactoryBean">
			<property name="dataSource" ref="dataSource" />
			<property name="configLocation" value="classpath:mybatis-config.xml" />
		</bean>
		<bean id="sqlSessionTemplate" class="org.mybatis.spring.SqlSessionTemplate">
			<constructor-arg index="0" ref="sqlSessionFactory" />
		</bean>
		
	<!-- Root Context: defines shared resources visible to all other web components -->
		<!-- 업로드 10메가 로 제한 10485760이 10메가 -->
		<bean id="multipartResolver" class="org.springframework.web.multipart.commons.CommonsMultipartResolver">
			<property name="maxUploadSize" value="10485760"></property>
		</bean>
	
		
</beans>
